<?xml version="1.0" encoding="UTF-8"?>
<root>
  <item name="np.ua.awis_mobile.posinteract.lib.command.CommandGetAmountsPerDay CommandGetAmountsPerDay(java.lang.String) 0">
    <annotation name="android.support.annotation.StringDef">
      <val name="value" val="{np.ua.awis_mobile.posinteract.lib.command.CommandGetAmountsPerDay.PAYMENTS_CACHE, np.ua.awis_mobile.posinteract.lib.command.CommandGetAmountsPerDay.PAYMENTS_CACHELESS, np.ua.awis_mobile.posinteract.lib.command.CommandGetAmountsPerDay.AMOUNTS_ADDING_WITHDRAWAL, np.ua.awis_mobile.posinteract.lib.command.CommandGetAmountsPerDay.AMOUNTS_IN_CACHEBOX, np.ua.awis_mobile.posinteract.lib.command.CommandGetAmountsPerDay.TURNOVER_A, np.ua.awis_mobile.posinteract.lib.command.CommandGetAmountsPerDay.TURNOVER_B, np.ua.awis_mobile.posinteract.lib.command.CommandGetAmountsPerDay.INCOME_TAX_A, np.ua.awis_mobile.posinteract.lib.command.CommandGetAmountsPerDay.INCOME_TAX_B, np.ua.awis_mobile.posinteract.lib.command.CommandGetAmountsPerDay.TURNOVER_C, np.ua.awis_mobile.posinteract.lib.command.CommandGetAmountsPerDay.INCOME_TAX_C}" />
    </annotation>
  </item>
  <item name="np.ua.awis_mobile.posinteract.lib.command.CommandOpenFiscalCheck CommandOpenFiscalCheck(java.lang.String, java.lang.String) 1">
    <annotation name="android.support.annotation.StringDef">
      <val name="value" val="{np.ua.awis_mobile.posinteract.lib.command.CommandOpenFiscalCheck.SALE, np.ua.awis_mobile.posinteract.lib.command.CommandOpenFiscalCheck.RETURN, np.ua.awis_mobile.posinteract.lib.command.CommandOpenFiscalCheck.DEPOSIT_WITHDRAWAL}" />
    </annotation>
  </item>
  <item name="np.ua.awis_mobile.posinteract.lib.command.CommandPrintCoupon CommandPrintCoupon(java.lang.String) 0">
    <annotation name="android.support.annotation.StringDef">
      <val name="value" val="{np.ua.awis_mobile.posinteract.lib.command.CommandPrintCoupon.INIT, np.ua.awis_mobile.posinteract.lib.command.CommandPrintCoupon.PRINT_AND_RETURN, np.ua.awis_mobile.posinteract.lib.command.CommandPrintCoupon.CLEAR_AND_RETURN, np.ua.awis_mobile.posinteract.lib.command.CommandPrintCoupon.INIT_WITHOUT_BLACK_LINE, np.ua.awis_mobile.posinteract.lib.command.CommandPrintCoupon.PRINT_AND_RETURN_TO_NEW}" />
    </annotation>
  </item>
  <item name="np.ua.awis_mobile.posinteract.lib.command.CommandPrintDailyReport CommandPrintDailyReport(java.lang.String) 0">
    <annotation name="android.support.annotation.StringDef">
      <val name="value" val="{np.ua.awis_mobile.posinteract.lib.command.CommandPrintDailyReport.Z_REPORT_WITH_ANULATE_CONTROL_TAPE, np.ua.awis_mobile.posinteract.lib.command.CommandPrintDailyReport.X_REPORT, np.ua.awis_mobile.posinteract.lib.command.CommandPrintDailyReport.ANULATE_CONTROL_TAPE, np.ua.awis_mobile.posinteract.lib.command.CommandPrintDailyReport.COPY_LAST_FISCAL_CHECK, np.ua.awis_mobile.posinteract.lib.command.CommandPrintDailyReport.Z_REPORT_WITHOUT_ANULATE_CONTROL_TAPE}" />
    </annotation>
  </item>
</root>

